eff (%),5.104105035,0.120360198,7.007813961,0.171690041,40.25186085,8.824442985,0.21890654,45.1557126,10.58505438,0.267424675,49.31071336,12.28304017,0.311115769,52.86946724,13.8886085,0.360924052,13.48204466,0.406541446,53.14766096,17.92980556,0.57523131,59.30480822,21.92938758,0.731863817,64.05020463,25.54613022,0.883235904,67.78569485,28.83386005,1.072129129,70.85661391,31.88305434,20.68492036,0.647895256,64.28629139,26.77751589,0.896140875,69.85257804,31.96251879,1.139148388,73.87394152,36.50996918,1.377020836,76.96294414,40.450679,1.636626416,79.41404207,43.92714368,24.21057441,0.951448552,71.44723179,30.89851394,1.3114396,76.30271338,36.53824535,1.681321153,79.72363674,41.29403794,2.050406964,82.29593353,45.37145166,2.393676259,84.26824689,48.97263558,26.52482423,1.366339095,75.80956122,33.5751655,1.905519175,80.12341351,39.39297459,2.45572878,83.1230238,44.2668638,2.944499119,85.33934489,48.4476965,3.474418811,87.03459512,51.98122953
ripple,0.041552316,2.175235353,0.042344169,2.026379126,0.088868081,0.04322105,2.028190575,0.090057374,0.04451389,2.023468993,0.093099574,0.043034298,2.103818596,0.088576237,0.045752351,2.07417328,0.049043775,2.079798544,0.05555499,0.051447174,2.080063348,0.055902914,0.049391336,2.150728174,0.057292352,0.053362016,2.08676041,0.057067251,0.050195825,2.033098374,0.055824172,0.051433511,0.119303192,2.134189874,0.060785424,0.117451762,2.088604724,0.056923264,0.119270159,2.156418925,0.059068063,0.118378976,2.121384152,0.057784887,0.118205449,2.160204004,0.060574918,0.118899835,0.132838259,1.854750336,0.070015646,0.13270316,1.909521123,0.071241507,0.132194773,1.860232228,0.072035832,0.132893885,1.835601355,0.071655202,0.132599535,1.866030309,0.071535189,0.132376191,0.111526969,1.507090318,0.105577218,0.114024847,1.50814888,0.106021082,0.116529011,1.487803929,0.105444769,0.112051155,1.499918379,0.105982049,0.109096,1.515546307,0.108121692,0.112764914
Time [ms],Moving1.Torque [NewtonMeter] - statorod='68mm' thickness='75mm' turns='1',Moving1.Torque [NewtonMeter] - statorod='73.5mm' thickness='75mm' turns='1',Moving1.Torque [NewtonMeter] - statorod='68mm' thickness='105mm' turns='1',Moving1.Torque [NewtonMeter] - statorod='73.5mm' thickness='105mm' turns='1',Moving1.Torque [NewtonMeter] - statorod='62.5mm' thickness='135mm' turns='1',Moving1.Torque [NewtonMeter] - statorod='68mm' thickness='135mm' turns='1',Moving1.Torque [NewtonMeter] - statorod='73.5mm' thickness='135mm' turns='1',Moving1.Torque [NewtonMeter] - statorod='62.5mm' thickness='165mm' turns='1',Moving1.Torque [NewtonMeter] - statorod='68mm' thickness='165mm' turns='1',Moving1.Torque [NewtonMeter] - statorod='73.5mm' thickness='165mm' turns='1',Moving1.Torque [NewtonMeter] - statorod='62.5mm' thickness='195mm' turns='1',Moving1.Torque [NewtonMeter] - statorod='68mm' thickness='195mm' turns='1',Moving1.Torque [NewtonMeter] - statorod='73.5mm' thickness='195mm' turns='1',Moving1.Torque [NewtonMeter] - statorod='62.5mm' thickness='225mm' turns='1',Moving1.Torque [NewtonMeter] - statorod='68mm' thickness='225mm' turns='1',Moving1.Torque [NewtonMeter] - statorod='73.5mm' thickness='225mm' turns='1',Moving1.Torque [NewtonMeter] - statorod='68mm' thickness='75mm' turns='2',Moving1.Torque [NewtonMeter] - statorod='73.5mm' thickness='75mm' turns='2',Moving1.Torque [NewtonMeter] - statorod='62.5mm' thickness='105mm' turns='2',Moving1.Torque [NewtonMeter] - statorod='68mm' thickness='105mm' turns='2',Moving1.Torque [NewtonMeter] - statorod='73.5mm' thickness='105mm' turns='2',Moving1.Torque [NewtonMeter] - statorod='62.5mm' thickness='135mm' turns='2',Moving1.Torque [NewtonMeter] - statorod='68mm' thickness='135mm' turns='2',Moving1.Torque [NewtonMeter] - statorod='73.5mm' thickness='135mm' turns='2',Moving1.Torque [NewtonMeter] - statorod='62.5mm' thickness='165mm' turns='2',Moving1.Torque [NewtonMeter] - statorod='68mm' thickness='165mm' turns='2',Moving1.Torque [NewtonMeter] - statorod='73.5mm' thickness='165mm' turns='2',Moving1.Torque [NewtonMeter] - statorod='62.5mm' thickness='195mm' turns='2',Moving1.Torque [NewtonMeter] - statorod='68mm' thickness='195mm' turns='2',Moving1.Torque [NewtonMeter] - statorod='73.5mm' thickness='195mm' turns='2',Moving1.Torque [NewtonMeter] - statorod='62.5mm' thickness='225mm' turns='2',Moving1.Torque [NewtonMeter] - statorod='68mm' thickness='225mm' turns='2',Moving1.Torque [NewtonMeter] - statorod='68mm' thickness='75mm' turns='3',Moving1.Torque [NewtonMeter] - statorod='73.5mm' thickness='75mm' turns='3',Moving1.Torque [NewtonMeter] - statorod='62.5mm' thickness='105mm' turns='3',Moving1.Torque [NewtonMeter] - statorod='68mm' thickness='105mm' turns='3',Moving1.Torque [NewtonMeter] - statorod='73.5mm' thickness='105mm' turns='3',Moving1.Torque [NewtonMeter] - statorod='62.5mm' thickness='135mm' turns='3',Moving1.Torque [NewtonMeter] - statorod='68mm' thickness='135mm' turns='3',Moving1.Torque [NewtonMeter] - statorod='73.5mm' thickness='135mm' turns='3',Moving1.Torque [NewtonMeter] - statorod='62.5mm' thickness='165mm' turns='3',Moving1.Torque [NewtonMeter] - statorod='68mm' thickness='165mm' turns='3',Moving1.Torque [NewtonMeter] - statorod='73.5mm' thickness='165mm' turns='3',Moving1.Torque [NewtonMeter] - statorod='62.5mm' thickness='195mm' turns='3',Moving1.Torque [NewtonMeter] - statorod='68mm' thickness='195mm' turns='3',Moving1.Torque [NewtonMeter] - statorod='73.5mm' thickness='195mm' turns='3',Moving1.Torque [NewtonMeter] - statorod='62.5mm' thickness='225mm' turns='3',Moving1.Torque [NewtonMeter] - statorod='68mm' thickness='225mm' turns='3',Moving1.Torque [NewtonMeter] - statorod='68mm' thickness='75mm' turns='4',Moving1.Torque [NewtonMeter] - statorod='73.5mm' thickness='75mm' turns='4',Moving1.Torque [NewtonMeter] - statorod='62.5mm' thickness='105mm' turns='4',Moving1.Torque [NewtonMeter] - statorod='68mm' thickness='105mm' turns='4',Moving1.Torque [NewtonMeter] - statorod='73.5mm' thickness='105mm' turns='4',Moving1.Torque [NewtonMeter] - statorod='62.5mm' thickness='135mm' turns='4',Moving1.Torque [NewtonMeter] - statorod='68mm' thickness='135mm' turns='4',Moving1.Torque [NewtonMeter] - statorod='73.5mm' thickness='135mm' turns='4',Moving1.Torque [NewtonMeter] - statorod='62.5mm' thickness='165mm' turns='4',Moving1.Torque [NewtonMeter] - statorod='68mm' thickness='165mm' turns='4',Moving1.Torque [NewtonMeter] - statorod='73.5mm' thickness='165mm' turns='4',Moving1.Torque [NewtonMeter] - statorod='62.5mm' thickness='195mm' turns='4',Moving1.Torque [NewtonMeter] - statorod='68mm' thickness='195mm' turns='4',Moving1.Torque [NewtonMeter] - statorod='73.5mm' thickness='195mm' turns='4',Moving1.Torque [NewtonMeter] - statorod='62.5mm' thickness='225mm' turns='4',Moving1.Torque [NewtonMeter] - statorod='68mm' thickness='225mm' turns='4',Moving1.Torque [NewtonMeter] - statorod='68mm' thickness='75mm' turns='5',Moving1.Torque [NewtonMeter] - statorod='73.5mm' thickness='75mm' turns='5',Moving1.Torque [NewtonMeter] - statorod='62.5mm' thickness='105mm' turns='5',Moving1.Torque [NewtonMeter] - statorod='68mm' thickness='105mm' turns='5',Moving1.Torque [NewtonMeter] - statorod='73.5mm' thickness='105mm' turns='5',Moving1.Torque [NewtonMeter] - statorod='62.5mm' thickness='135mm' turns='5',Moving1.Torque [NewtonMeter] - statorod='68mm' thickness='135mm' turns='5',Moving1.Torque [NewtonMeter] - statorod='73.5mm' thickness='135mm' turns='5',Moving1.Torque [NewtonMeter] - statorod='62.5mm' thickness='165mm' turns='5',Moving1.Torque [NewtonMeter] - statorod='68mm' thickness='165mm' turns='5',Moving1.Torque [NewtonMeter] - statorod='73.5mm' thickness='165mm' turns='5',Moving1.Torque [NewtonMeter] - statorod='62.5mm' thickness='195mm' turns='5',Moving1.Torque [NewtonMeter] - statorod='68mm' thickness='195mm' turns='5',Moving1.Torque [NewtonMeter] - statorod='73.5mm' thickness='195mm' turns='5',Moving1.Torque [NewtonMeter] - statorod='62.5mm' thickness='225mm' turns='5',Moving1.Torque [NewtonMeter] - statorod='68mm' thickness='225mm' turns='5'
0,0.382870613,0.001579995,0.535571271,0.001360674,4.918704305,0.688557627,0.001489476,6.000369852,0.842114211,0.00261377,7.086236748,0.995645526,0.003569885,8.180565468,1.147756067,0.003412232,1.119307058,0.00435323,8.253241145,1.56504506,0.009652694,10.55934222,2.013205968,0.007774259,12.96836733,2.462408824,0.011521729,15.27223451,2.906691227,0.015008731,17.63133836,3.357921155,1.887390088,0.011578958,12.94111911,2.644018178,0.023007168,16.61859836,3.400698481,0.022939589,20.28186215,4.155295776,0.029773794,23.98086142,4.904111188,0.035711546,27.72335636,5.649776712,2.294237182,0.02297108,17.87038812,3.210828946,0.032178444,22.98190469,4.132037025,0.039246554,28.09436296,5.056269176,0.053155875,33.27189075,5.963733147,0.061616806,38.37165562,6.899173924,2.601081446,0.039738675,22.14519441,3.634083793,0.057173045,28.50098712,4.666813678,0.077581635,34.77954154,5.712760524,0.087663406,41.18322889,6.760282345,0.107252964,47.6421489,7.780029391
0.08,0.38360331,0.015346533,0.536976499,0.021089086,4.947631647,0.690239593,0.027549775,6.04351321,0.844805241,0.033469428,7.141294408,0.998536578,0.039610546,8.231590052,1.152192347,0.04572208,1.135174125,0.050353432,8.283705176,1.5898352,0.070080003,10.67995176,2.046404684,0.091493208,13.0252673,2.50068347,0.110670441,15.41004503,2.951922388,0.136917589,17.80912932,3.410921705,1.969594758,0.080421779,13.17921498,2.759378649,0.111123126,16.9484646,3.550351687,0.142929527,20.69302928,4.339550216,0.170084196,24.49651894,5.127248339,0.206429122,28.23535458,5.914979787,2.418396682,0.102006706,18.39976668,3.386804164,0.141207826,23.62816562,4.360260948,0.176246907,28.8745092,5.325778787,0.224225352,34.05995257,6.285130717,0.260600331,39.26918056,7.262260118,2.729363254,0.131701282,22.90354277,3.821095399,0.179755424,29.48346111,4.913563252,0.229988212,35.98749674,6.005561398,0.278772985,42.64902469,7.089274378,0.331665753,48.97951823,8.174783486
0.16,0.38785676,0.002386199,0.541791396,0.00396538,4.8088827,0.697569394,0.005724655,5.871127358,0.855311821,0.005556655,6.95298538,1.009375892,0.00656838,8.031919286,1.164254934,0.007432247,1.136114975,0.009067633,8.180684394,1.591890824,0.012406798,10.48578325,2.048168334,0.01359698,12.86033306,2.506802572,0.021024197,15.13185283,2.950654773,0.027137449,17.4720185,3.417217839,1.967443939,0.019770639,13.12779832,2.755071813,0.02883463,16.83550128,3.548476218,0.037512894,20.59295353,4.335901969,0.043655024,24.27674583,5.123883433,0.05403271,28.08870144,5.905932559,2.416970806,0.039908711,18.21053347,3.384969584,0.052566961,23.49221555,4.36451663,0.069172352,28.56769204,5.333464269,0.08805357,33.86149467,6.305136533,0.098237668,39.04660066,7.27199473,2.694736209,0.066412402,22.94619672,3.77388266,0.097291087,29.50380022,4.857182827,0.119718876,36.05530448,5.934761701,0.149595478,42.52131151,6.991788592,0.176324435,49.22713576,8.08094156
0.24,0.38795823,0.014196971,0.541925695,0.019759806,4.598735021,0.696857634,0.025042541,5.606800167,0.854422725,0.031586601,6.606701383,1.008418464,0.037015831,7.640200489,1.162441286,0.043955665,1.121490295,0.045128564,7.918215986,1.572623369,0.06643015,10.17141123,2.024624235,0.085242316,12.43098217,2.476753489,0.10373192,14.65573801,2.915385592,0.122427868,16.96388192,3.377463113,1.925882444,0.07785658,12.64981332,2.696927654,0.113394334,16.29958436,3.467178922,0.138759265,19.8599886,4.241105524,0.164916191,23.47224853,5.016483739,0.19860412,27.12244546,5.777999325,2.382350367,0.116412034,17.72351136,3.334245347,0.164283559,22.83199309,4.295343219,0.199704227,27.8535056,5.253797156,0.247858589,33.00256261,6.200153442,0.293921474,37.96004806,7.162239002,2.658210208,0.162833529,22.73518823,3.719559119,0.229535898,29.3110213,4.786700017,0.297279984,35.82554739,5.858422751,0.357919374,42.26782176,6.903075512,0.430629169,48.72307201,7.963823367
0.32,0.392356009,0.005346606,0.548301379,0.007851358,4.892247433,0.705062966,0.009003092,5.985970616,0.864102738,0.01187563,7.063707082,1.02034445,0.013753866,8.154441014,1.173955787,0.016183852,1.12252624,0.018568924,8.228676418,1.573964104,0.026716427,10.56271159,2.027349931,0.035945772,12.92699251,2.476827065,0.038574183,15.23783952,2.922329059,0.049818709,17.67217947,3.377245685,1.86096265,0.030692658,13.00353488,2.606546647,0.042668354,16.7423517,3.345801933,0.05010956,20.40816597,4.09546615,0.064134237,24.1271837,4.847169878,0.074828083,27.85213387,5.58168736,2.291344533,0.053580361,18.23645466,3.203807219,0.070961399,23.5147413,4.131600439,0.100112255,28.72305531,5.044373639,0.123166949,33.90812034,5.958229406,0.131598845,39.09253959,6.894583846,2.555219648,0.087186572,23.42919287,3.578499092,0.122199648,30.12353924,4.622305269,0.162930223,36.86744143,5.648337022,0.189564679,43.4641455,6.648165049,0.221944902,50.08748515,7.666998379
0.4,0.387034881,0.012011527,0.541693265,0.018276753,5.015344846,0.695552585,0.023448737,6.104611465,0.853457066,0.026942252,7.239334222,1.006780454,0.031621129,8.345900059,1.159083013,0.03826458,1.105523172,0.042646918,8.30183802,1.55269448,0.063063828,10.64138732,1.997053569,0.075184506,12.99396363,2.443075341,0.096359404,15.38744911,2.874997517,0.115651046,17.74753477,3.331208814,1.804547242,0.06118176,13.13052487,2.527158937,0.084452837,16.88786662,3.247036928,0.108602353,20.58997973,3.97123291,0.131400478,24.45201325,4.698677138,0.155537644,28.16608683,5.415002243,2.210143943,0.092553492,18.33956487,3.094071434,0.131329881,23.61950397,3.985071362,0.166878089,28.82996813,4.866934665,0.189737526,34.14574241,5.74723245,0.234204712,39.37109711,6.644370301,2.52686083,0.12952604,23.03312212,3.54075168,0.180337256,29.67170252,4.55905171,0.219392941,36.25246411,5.570291216,0.276695647,42.8745004,6.575938806,0.328825092,49.41017613,7.583149946
0.48,0.390819278,0.006979197,0.546506131,0.01011165,4.896841387,0.701292436,0.012628956,6.020192589,0.859060548,0.015523204,7.083057393,1.016057208,0.017227097,8.175267144,1.167896701,0.020853976,1.113158566,0.020014823,8.163296191,1.559859612,0.029064739,10.52744028,2.005748224,0.038903164,12.86224899,2.457129294,0.050738978,15.14017652,2.887330085,0.057393693,17.54443754,3.345331988,1.791370502,0.029608406,12.95684165,2.511533931,0.045763581,16.74660692,3.22432309,0.05424837,20.4863994,3.955165531,0.063976267,24.11042189,4.657182559,0.069715742,27.79980941,5.384656494,2.179994856,0.051577607,17.96567647,3.054285518,0.07289231,23.10747421,3.936193355,0.095815598,28.2396385,4.804284945,0.112671338,33.26450051,5.668651421,0.131445579,38.31845303,6.546242473,2.509694419,0.081821587,22.07859884,3.520286467,0.12009285,28.28010978,4.541688119,0.157595692,34.75201735,5.534427262,0.177894139,40.86284819,6.536635658,0.214828413,47.13941165,7.549883986
0.56,0.381297129,0.010876998,0.534237404,0.016152444,4.659769628,0.686037658,0.018044916,5.700189285,0.841671536,0.022885049,6.714068196,0.993133932,0.027193859,7.741745818,1.142472843,0.034216931,1.094589699,0.035086631,7.881466391,1.540175927,0.051558492,10.12330839,1.978747656,0.067618564,12.36503285,2.419833471,0.072641181,14.60480466,2.847920467,0.093528326,16.87654137,3.295761375,1.799776862,0.050874687,12.48315021,2.519411505,0.067227171,16.13080576,3.242374204,0.08423354,19.64573726,3.955754642,0.113462982,23.26117135,4.685616207,0.127120626,26.80469997,5.40508331,2.173932053,0.073252011,17.21633124,3.047603893,0.091464256,22.15560432,3.922587861,0.131754232,27.05256317,4.789918986,0.153449555,31.99235658,5.654859785,0.166666382,36.85777304,6.538115125,2.482267627,0.09582805,21.1052296,3.482837393,0.138522152,27.15037275,4.476261029,0.187095592,33.1823327,5.463821877,0.209693437,39.17301418,6.462549559,0.252757082,45.14647461,7.456016072
0.64,0.385948996,0.008008176,0.541402307,0.012010611,4.818198812,0.694548008,0.014730451,5.902603944,0.849059343,0.017312623,6.970586345,1.007548197,0.020731112,8.044006934,1.158353013,0.024077284,1.122684962,0.028343413,8.147574176,1.578770465,0.040034119,10.45034133,2.025265817,0.050033255,12.77010245,2.474621141,0.062006983,15.09399814,2.91780687,0.078330715,17.45253888,3.375742667,1.882779604,0.044386757,12.75787483,2.633277343,0.060612696,16.49574614,3.381247112,0.078135033,20.10221934,4.152917563,0.096990924,23.73670088,4.891734566,0.116956669,27.41764962,5.640806012,2.280859644,0.060096774,17.66567896,3.191338173,0.079324447,22.72589247,4.110719118,0.102269839,27.71331843,5.024641529,0.120330451,32.78960802,5.941300159,0.146766913,37.80250054,6.849911031,2.590900171,0.081136914,21.84399502,3.622790596,0.11643151,28.10213566,4.645773483,0.149217538,34.27753353,5.684423649,0.184046095,40.50210146,6.745311948,0.207033852,46.70631305,7.753647584
0.72,0.378888603,0.006738215,0.53026794,0.011251411,4.927755675,0.679923027,0.015539857,6.034720242,0.831924068,0.017341381,7.122536336,0.986151161,0.016841036,8.181777806,1.131827709,0.022088995,1.117109569,0.029210871,8.279926465,1.570489664,0.037457834,10.62213168,2.016623826,0.045757221,12.97775808,2.464180916,0.062855275,15.33335874,2.911427675,0.077112358,17.71212684,3.356666065,1.926547839,0.047823006,13.02445716,2.702980742,0.062566358,16.82670583,3.471532319,0.078417077,20.4981954,4.24484006,0.091198374,24.24735863,5.00218,0.108100118,27.96263785,5.791184536,2.357754289,0.063082007,18.19132413,3.302370347,0.083267598,23.38647493,4.257884948,0.108272916,28.59041924,5.187425443,0.139328042,33.80559841,6.151580585,0.161774006,38.91662529,7.083939625,2.661793883,0.075147282,22.6637328,3.735154326,0.103957861,29.16239227,4.806811743,0.146589089,35.66723038,5.875551976,0.170185811,42.1040179,6.957287931,0.218558697,48.54827778,8.00541434
0.8,0.389570893,0.010397035,0.545200772,0.014868404,4.876399744,0.700174458,0.018538503,5.969098831,0.855167685,0.022384709,7.054979333,1.012726324,0.027618695,8.12276227,1.164393003,0.030876985,1.143871479,0.035580218,8.254674454,1.611788459,0.04937208,10.61444211,2.069289029,0.064439779,12.96403782,2.528125217,0.07602397,15.32169186,2.988561271,0.094649758,17.69285598,3.44782148,1.98517887,0.058056761,13.21538959,2.785132222,0.079331097,17.0254526,3.581190031,0.100985025,20.79437442,4.366165731,0.12457733,24.53819231,5.170878009,0.149644317,28.42108609,5.961692137,2.44431571,0.080034022,18.40413764,3.416173046,0.113262513,23.68046424,4.387698084,0.149305758,28.95750119,5.356622728,0.178026265,34.21666501,6.338820402,0.207080149,39.36737644,7.333174452,2.73146769,0.112628162,23.08728515,3.835942537,0.15770715,29.66964997,4.931202024,0.205430506,36.33704064,6.018071972,0.244072431,42.87971913,7.105477183,0.290130302,49.45628332,8.21678565
0.88,0.384040577,0.006178213,0.538661634,0.008655048,4.643155078,0.689718057,0.01160573,5.668080428,0.843786548,0.013303846,6.684306568,1.002090879,0.016106009,7.711996573,1.148796147,0.018537235,1.11830036,0.020122719,7.946032592,1.571686601,0.028438801,10.2372747,2.015431006,0.038768704,12.49371809,2.462807943,0.042660508,14.77044388,2.907857231,0.051950858,17.02161365,3.351110208,1.923236097,0.042113506,12.76795962,2.700000285,0.05447342,16.45263421,3.460885025,0.069911137,20.06994569,4.248695175,0.090922161,23.71288172,5.00567591,0.108559602,27.39769697,5.788042725,2.380105069,0.064712156,17.81079847,3.331805916,0.093896699,22.9366396,4.292230704,0.120813274,27.99666672,5.240476482,0.146759356,33.16628027,6.204864133,0.168383879,38.17164723,7.164217952,2.650033804,0.103584682,22.78456013,3.724248744,0.144363685,29.33811031,4.781910079,0.197046769,35.86340612,5.84005824,0.232739022,42.35259858,6.92035721,0.26354502,48.7756451,7.965617942
0.96,0.394845199,0.01272077,0.552663874,0.018055336,4.790658257,0.708586518,0.022978555,5.851412871,0.867427385,0.02830298,6.896652983,1.028055004,0.032971896,7.959427916,1.179449875,0.03848793,1.136310978,0.043910971,8.133411367,1.591947916,0.060571423,10.48783511,2.044723855,0.079033722,12.811167,2.496555262,0.096180089,15.1183268,2.960898733,0.116367939,17.41117864,3.404653229,1.89535576,0.073428939,12.90504214,2.658043373,0.101359405,16.64680081,3.411069166,0.130974383,20.31234967,4.180262064,0.154199663,23.9845995,4.92324901,0.185680518,27.67500134,5.70355421,2.341267766,0.108156845,18.1094833,3.27814483,0.15338211,23.3376465,4.217439785,0.195937499,28.4412408,5.161149456,0.237743006,33.75137243,6.092633521,0.2775057,38.8366475,7.040298889,2.610126837,0.142741006,23.36970462,3.646614384,0.205110442,30.11675467,4.709974317,0.266314453,36.85415033,5.740000234,0.316629869,43.4750091,6.826709152,0.382805772,50.03848789,7.832041374
1.04,0.38600424,0.004648435,0.540522309,0.006536184,5.029029782,0.692663088,0.008318682,6.139716778,0.846971849,0.011377507,7.223648672,1.003813118,0.012053644,8.34147542,1.15511889,0.012972301,1.103917702,0.01714551,8.314929855,1.549913614,0.025941522,10.70882596,1.990925216,0.035130705,13.07520638,2.426961214,0.038730225,15.44386354,2.874493703,0.042858481,17.80699424,3.312165704,1.798543193,0.026704141,13.12553731,2.527780148,0.036229827,16.94620265,3.236469159,0.045418405,20.64516973,3.979021206,0.055776597,24.41325519,4.691259359,0.065420172,28.12455773,5.41371692,2.219042973,0.042988461,18.43091774,3.105807817,0.065711542,23.7830512,3.989981708,0.087987476,28.96912913,4.87969057,0.110447581,34.36302943,5.769690467,0.111045412,39.57640701,6.661382113,2.517275246,0.075635659,23.34984993,3.52252682,0.106017497,30.06364951,4.533108265,0.141678976,36.71723792,5.533485633,0.165762775,43.35744772,6.564128848,0.196907861,49.97503145,7.53875437
1.12,0.393158429,0.01445518,0.55127347,0.019866759,4.945840408,0.705894715,0.026102927,6.064747543,0.863198378,0.031975718,7.195551653,1.0235985,0.038494849,8.292746126,1.177221504,0.043219328,1.124329223,0.046710398,8.24959494,1.575685055,0.065915464,10.57998749,2.024292992,0.086247921,12.94351252,2.469558714,0.100072874,15.30720663,2.924688461,0.123499074,17.75525778,3.370890646,1.809669739,0.07048795,13.17141941,2.537732938,0.09435131,16.87851498,3.248911349,0.12511979,20.60907434,4.000649599,0.149930496,24.31215704,4.719726179,0.180400805,28.08251425,5.446021919,2.20891409,0.096625953,18.14674356,3.089675849,0.139907632,23.35975478,3.972051067,0.179257597,28.63650593,4.85543405,0.212954596,33.75253719,5.731623009,0.251067847,38.87829179,6.635559959,2.553611143,0.135793121,22.47488283,3.580202713,0.192214071,28.83363374,4.59022727,0.243879849,35.20701876,5.597917908,0.296073089,41.68543313,6.651015773,0.349340367,48.16812653,7.668935517
1.2,0.382420108,0.00212626,0.535764906,0.00314071,4.746538976,0.68777571,0.004475233,5.792786496,0.840598451,0.00601831,6.841000691,0.994399189,0.005054518,7.870907475,1.147387622,0.005315589,1.095270129,0.008984766,7.970416434,1.532931087,0.011968374,10.21911825,1.971755269,0.011275745,12.49811568,2.401061701,0.012818222,14.78681786,2.85191349,0.019131102,17.03505835,3.285886764,1.773026284,0.011343396,12.66838247,2.493576798,0.014641225,16.29150585,3.196512213,0.023504229,19.86441377,3.923906874,0.023424635,23.48776306,4.631838738,0.025520391,27.11535301,5.33291234,2.153850433,0.024387829,17.39048837,3.01495558,0.031455523,22.38188003,3.872422218,0.039817846,27.35662618,4.733028477,0.05216902,32.31462878,5.590039659,0.06153696,37.21507049,6.465912929,2.471108245,0.04809406,21.30482933,3.457527443,0.069956415,27.41787053,4.439499999,0.089505601,33.42757673,5.423794971,0.108214444,39.60965232,6.426973303,0.126249846,45.69117424,7.392617985
1.28,0.388542491,0.015257247,0.544196219,0.021340274,4.729600977,0.699373899,0.02747007,5.774655186,0.854564068,0.033627082,6.818960368,1.00954485,0.039709841,7.879376035,1.166666708,0.04518849,1.127128427,0.053052914,8.043998062,1.576953723,0.073161544,10.28279296,2.029847646,0.095526055,12.65051311,2.473307604,0.114527086,14.91245941,2.936454471,0.131448245,17.1631007,3.382317753,1.868614463,0.076903073,12.69858531,2.623327575,0.10826045,16.28157515,3.369192476,0.137598305,19.87555991,4.124204093,0.165965012,23.52747156,4.872751108,0.198894725,27.17434519,5.612662974,2.26907561,0.096178525,17.40793756,3.17757626,0.135120442,22.40100478,4.081296857,0.173371322,27.36521969,4.992462371,0.213032141,32.38686212,5.898492409,0.250969194,37.33062299,6.81380726,2.573138244,0.130474838,21.46927839,3.60419186,0.183963598,27.61023552,4.62802321,0.236141394,33.74813701,5.652503678,0.284411162,39.8752165,6.703534559,0.341296893,46.12499702,7.707710729
1.36,0.378822674,0.000499362,0.531517372,0.000853148,4.969587648,0.682993923,0.001712311,6.070576475,0.834565064,0.002078434,7.178707701,0.984744254,0.001880005,8.269211309,1.137750865,0.000371066,1.115285235,0.004538058,8.297319229,1.559367865,0.005829329,10.650224,2.006230347,0.005750862,13.04144737,2.44746548,0.005905412,15.38967997,2.902213594,0.01016844,17.78521286,3.341364057,1.898017809,0.009979857,13.04734801,2.66651437,0.015650398,16.73778995,3.429547806,0.023666109,20.4765651,4.189118959,0.024509785,24.18403708,4.957663785,0.026700864,27.96442657,5.704799115,2.32419296,0.021862329,18.10198353,3.248529871,0.025585125,23.22847432,4.177188288,0.030120075,28.45528418,5.110026066,0.043563774,33.53563213,6.025849054,0.054461383,38.69819551,6.972399006,2.628057687,0.035084764,22.49508864,3.666263095,0.04948298,28.95534027,4.710104801,0.06410159,35.3589858,5.761464292,0.078709148,41.83922885,6.844186974,0.08847588,48.23455619,7.861535521
1.44,0.38740197,0.016584793,0.543859538,0.022574583,4.923365267,0.699037713,0.02919409,6.020168188,0.853748194,0.035671899,7.142681165,1.008853027,0.042097847,8.227753446,1.165185489,0.048059589,1.146646736,0.055858584,8.318027106,1.605826849,0.076491737,10.6700673,2.066507095,0.097171931,13.0669646,2.520377119,0.116935955,15.42366293,2.98470073,0.142994205,17.82896446,3.441447213,1.985679368,0.084509263,13.26015644,2.781964776,0.117263655,17.04898548,3.583659034,0.151831369,20.82019741,4.373879977,0.182080472,24.57342601,5.173563567,0.217954246,28.38512085,5.962765517,2.448006359,0.111959979,18.46789698,3.429297587,0.156569517,23.75465791,4.406773262,0.193925269,29.0293062,5.383518628,0.239985334,34.31625704,6.352519465,0.284571263,39.57793229,7.340220498,2.751979514,0.14439784,23.09186401,3.8376838,0.207169973,29.63547188,4.934257658,0.260086546,36.24655043,6.031510342,0.321142433,42.85867821,7.145076546,0.38251612,49.38023942,8.236702433
1.52,0.383714278,0.000316327,0.539077235,0.000573015,4.726030987,0.69303809,0.000970814,5.772468426,0.846281738,0.001378985,6.804256173,1.000658573,0.001879819,7.865959462,1.154152054,0.000453911,1.12359503,0.001902768,8.043357722,1.570745873,0.002430785,10.33473223,2.024910779,0.002357549,12.62297633,2.468153306,0.004353301,14.92509917,2.916160829,0.006444498,17.27785072,3.365852582,1.940874761,0.010333459,12.93577284,2.717158348,0.015033966,16.65444435,3.493701731,0.02012321,20.30708707,4.262573016,0.025944714,23.98254932,5.046721635,0.02884252,27.69458896,5.807907283,2.39551645,0.030722456,18.00461988,3.352570385,0.038416572,23.15328922,4.311595148,0.050222838,28.26000381,5.266907926,0.067676482,33.38938765,6.221428781,0.0839817,38.51719934,7.178422494,2.664030982,0.064011459,22.84666421,3.710450358,0.085296457,29.40496845,4.763462463,0.110076446,35.84980009,5.842600276,0.13842629,42.47267595,6.916171768,0.158467854,48.94241575,7.960686725
1.6,0.392273169,0.01776213,0.550424583,0.024745757,4.662405954,0.708097221,0.032117875,5.698902467,0.86404959,0.038668505,6.761371315,1.022622447,0.046518815,7.772002785,1.179117729,0.052171113,1.134482365,0.057828554,8.020390721,1.587159874,0.079976671,10.32824947,2.046170132,0.105258911,12.57156858,2.494498351,0.1271223,14.8865962,2.948568207,0.151538455,17.2579795,3.404968904,1.920874133,0.096347839,12.78224605,2.691491266,0.128788007,16.4206922,3.46231707,0.1718605,20.12361836,4.230328887,0.207644009,23.66540584,4.9957797,0.249156277,27.38875688,5.766269005,2.374790389,0.135621671,17.94650781,3.32630916,0.187491371,23.01141191,4.278903671,0.236572909,28.15018381,5.232914663,0.29492956,33.15109685,6.169534184,0.352017853,38.21598814,7.130878923,2.654632237,0.184009226,23.10588302,3.701100903,0.256320119,29.79416797,4.76120314,0.324498669,36.26626253,5.832191017,0.402086933,42.9034838,6.893402242,0.474203494,49.54160687,7.931901082
1.68,0.386675995,0.001174717,0.541885544,0.000971029,4.991147516,0.698464394,0.001331923,6.094923737,0.850908602,0.002599957,7.202038775,1.007297314,0.00276123,8.305780761,1.163351353,0.002833669,1.105750704,0.004884999,8.321061749,1.548058278,0.008366995,10.66581956,1.992119547,0.007352363,13.06430683,2.437455405,0.01102422,15.41637452,2.872267308,0.01639943,17.84478466,3.322971393,1.81251174,0.005935152,13.12352227,2.540199608,0.014329381,16.87974007,3.273406308,0.011593463,20.6348551,3.995328357,0.016045629,24.30084055,4.723765483,0.018101449,28.12560522,5.43199347,2.229630938,0.026358732,18.4277956,3.125142714,0.034484581,23.72444864,4.024029607,0.041307606,28.90300056,4.928316266,0.057674777,34.24286645,5.80988365,0.071441272,39.45354636,6.718637229,2.511006548,0.055551107,23.48165685,3.50623721,0.076711057,30.21868418,4.502737428,0.102555046,36.8415076,5.51939834,0.122773262,43.6015988,6.522814833,0.14545984,50.36295213,7.507219851
1.76,0.390591095,0.018399154,0.548144494,0.024925257,5.005876254,0.705277317,0.03205053,6.124472134,0.860303362,0.039661765,7.231304119,1.018948362,0.046795081,8.319276896,1.174601557,0.053961661,1.117815172,0.059389911,8.29183792,1.566793792,0.084023521,10.67169047,2.017578878,0.107730094,13.02421832,2.462038067,0.131066704,15.39570192,2.904792572,0.158020995,17.80863517,3.360206334,1.812251536,0.087950311,13.1831453,2.539449762,0.124712591,16.94371396,3.265565611,0.157135026,20.72235794,3.994584037,0.18925975,24.47711152,4.718611914,0.227797472,28.25008192,5.443838263,2.216027998,0.123385808,18.34648911,3.104394866,0.172799507,23.59440291,3.999788582,0.213989702,28.82048623,4.881065724,0.267287179,33.98021409,5.759004126,0.317529994,39.20689532,6.655366333,2.553218718,0.16336809,22.83531801,3.57266741,0.22696861,29.34767376,4.596340928,0.293724253,35.83554772,5.62420913,0.356335003,42.45172043,6.623959609,0.426802768,48.92960129,7.649143229
1.84,0.385264765,-5.26E-05,0.539616397,0.000672696,4.827083115,0.695559591,0.001496491,5.892576978,0.848908373,0.001005122,6.978985454,1.005578244,0.00063552,8.049150713,1.158049699,0.001657625,1.098935273,-0.001627526,8.075557357,1.538396378,-0.002469918,10.36949607,1.982383432,-0.005307767,12.69500923,2.420069072,-0.002580804,14.94755916,2.849088412,-0.000339008,17.26756853,3.302628117,1.773195695,-0.002551975,12.83063214,2.483823416,-0.003116307,16.47508395,3.197526202,-0.006153926,20.14465576,3.904290647,-0.005229622,23.77230711,4.617456476,-0.005404629,27.47789451,5.325816446,2.147953445,0.009981481,17.6296828,3.005785785,0.009647005,22.71154765,3.882038714,0.015131327,27.69863,4.731719344,0.022346557,32.78657111,5.590050119,0.02311713,37.81096676,6.454014999,2.469132131,0.034983986,21.59780087,3.459469625,0.049267664,27.75937128,4.459881251,0.058070272,33.95262944,5.449573826,0.077754057,40.11057332,6.41818083,0.088886279,46.32327436,7.41475243
1.92,0.385160161,0.016517458,0.539390463,0.023253356,4.647317775,0.694291126,0.030014139,5.664941352,0.847570108,0.036466778,6.69885413,1.003872484,0.042470365,7.729391268,1.156856272,0.050689967,1.111381998,0.053713002,7.89691045,1.558177853,0.076690086,10.14689745,2.003652282,0.097978637,12.40765859,2.448304729,0.121236965,14.61687316,2.883972796,0.14450184,16.92998549,3.344011143,1.836099742,0.080068861,12.51100572,2.569634397,0.112744214,16.10104574,3.307006133,0.141281931,19.61978968,4.045362286,0.170459282,23.20191677,4.782159536,0.205503076,26.82424989,5.51155257,2.222490345,0.105269484,17.22466749,3.112091756,0.14769874,22.1591305,4.012921452,0.184718596,27.06015108,4.903713215,0.225588137,31.99747343,5.780726702,0.268907005,36.82570132,6.674367624,2.528379346,0.13657323,21.10844613,3.541479983,0.189869237,27.14705666,4.554026335,0.241726328,33.15506228,5.569264924,0.298958159,39.16768836,6.565961218,0.355780632,45.27822203,7.582121128
2,0.38254512,0.001206629,0.535310581,0.002110864,4.905648178,0.689295645,0.00105526,6.004446001,0.841195193,0.00314883,7.080755357,0.996842494,0.002970593,8.170124342,1.14665314,0.004052015,1.119481297,0.004765365,8.220442477,1.565764078,0.008511572,10.57075675,2.015234679,0.01130582,12.96127741,2.464673175,0.010088829,15.24380174,2.905235415,0.012591631,17.68417601,3.362665137,1.888738458,0.011237741,12.91708957,2.645133311,0.018358102,16.62815536,3.398944431,0.017136839,20.2510866,4.161883277,0.024985521,23.94041178,4.920578108,0.024638946,27.65608331,5.670299206,2.294899636,0.019539413,17.89363532,3.209575926,0.023633266,23.00145765,4.144609025,0.036797259,28.11820323,5.050625969,0.044862168,33.14830644,5.964627247,0.047631391,38.17776422,6.897014553,2.587257638,0.038101795,22.16455767,3.628817838,0.052457165,28.44923501,4.684612587,0.074875257,34.77551884,5.717119611,0.082011468,41.0237691,6.74449297,0.096976832,47.38289235,7.768040341
2.08,0.383111813,0.014803906,0.537017092,0.021589262,4.945940192,0.690988663,0.026986715,6.017311274,0.843472731,0.032673205,7.142186837,0.999468964,0.038463183,8.232146743,1.15060832,0.046400686,1.134621543,0.049938474,8.297887718,1.591501637,0.071928014,10.63906222,2.04508575,0.089909206,13.00903951,2.502342857,0.111711426,15.40374314,2.950790486,0.132560614,17.75046205,3.413506763,1.966755331,0.079435771,13.15573915,2.754359825,0.10915099,16.91675816,3.54267335,0.136953293,20.61549384,4.334566042,0.167791766,24.43707431,5.127978281,0.201934839,28.195457,5.91332687,2.417959475,0.101455029,18.32849336,3.385098821,0.141387252,23.60361057,4.360375496,0.178761171,28.79362185,5.327189278,0.212848424,34.1251798,6.27830742,0.257140814,39.35310656,7.26515351,2.718543619,0.132196509,22.84719312,3.814914987,0.185130998,29.41629318,4.911732626,0.233383259,35.9496676,5.994066194,0.287601734,42.54518984,7.085590588,0.343058754,49.03705163,8.162810333
2.16,0.387655077,0.002688581,0.542596901,0.004482091,4.805749769,0.697984965,0.005870113,5.890251049,0.851227,0.00653387,6.945209257,1.009098067,0.006415891,8.021743813,1.162780493,0.008566483,1.13795051,0.009872393,8.142487003,1.594739039,0.016750853,10.5036313,2.046524985,0.015894842,12.84641593,2.510646535,0.024837955,15.13093502,2.953338499,0.029631544,17.49980445,3.419495746,1.962087897,0.022938661,13.08016679,2.754769586,0.032334963,16.88136916,3.537381756,0.039924931,20.63568054,4.335777083,0.046485733,24.31115246,5.110813267,0.055732734,28.02978873,5.90347568,2.420632012,0.043702388,18.20986249,3.387853093,0.060232309,23.43845325,4.3716236,0.077562625,28.59911602,5.327723008,0.093275184,33.78558054,6.289136453,0.115897185,38.96155011,7.27015943,2.68514363,0.070956148,22.94801799,3.770566915,0.099467238,29.45700536,4.857265366,0.132158137,36.14140784,5.923919829,0.159746017,42.56115556,7.003224037,0.187994837,49.05291359,8.074353297
2.24,0.386747884,0.014501385,0.542554915,0.020885172,4.610959462,0.697504757,0.025105709,5.63746105,0.851765414,0.031052185,6.640783875,1.007618299,0.037429865,7.681832368,1.162603058,0.044793831,1.122610096,0.047437123,7.929827648,1.577265918,0.067423005,10.19892009,2.025336863,0.085891282,12.46278821,2.478066604,0.10085937,14.7215909,2.920855289,0.123601297,17.00453934,3.377882749,1.921856571,0.079480145,12.65344887,2.696199278,0.107992901,16.32658941,3.459214173,0.136861434,19.91200822,4.240606451,0.171711236,23.53624975,5.009793395,0.203284765,27.15470764,5.782576664,2.381029685,0.117906554,17.75412457,3.334500112,0.157902258,22.86147596,4.299961595,0.206362489,27.90449379,5.246769494,0.245888338,33.00386105,6.193100451,0.288887468,37.99076768,7.153416876,2.650967249,0.161834662,22.78320339,3.717401443,0.227979062,29.27985405,4.78355009,0.297000178,35.85295272,5.842196752,0.350307411,42.29697505,6.918629083,0.421715941,48.74716869,7.95783478
2.32,0.391211274,0.005292752,0.549838929,0.008100434,4.900338359,0.705429775,0.009336902,5.999568092,0.861003904,0.011311446,7.083518407,1.021843619,0.013520856,8.187550029,1.176468385,0.015967761,1.124098452,0.019493065,8.246932589,1.580013515,0.027845311,10.59315816,2.025647609,0.033434666,12.94006587,2.474295186,0.039896268,15.30849629,2.920041752,0.051226953,17.68027401,3.376911781,1.859141513,0.031466497,13.00090983,2.606416308,0.04141408,16.78560636,3.337815408,0.052785409,20.48797408,4.109881456,0.068103237,24.19128979,4.838123752,0.08725514,27.96218483,5.57962766,2.290218684,0.05767604,18.30120839,3.206097676,0.075592597,23.56871037,4.139184128,0.1003565,28.75089395,5.048313783,0.116497319,33.98848835,5.970399941,0.145523854,39.08955163,6.884195991,2.556604403,0.087236514,23.46132115,3.582471793,0.122513324,30.13811019,4.604950426,0.160639653,36.88765334,5.621013286,0.194048426,43.52704501,6.668881501,0.220164356,50.17572913,7.670362053
2.4,0.386221649,0.012420517,0.542022751,0.018844365,4.986241457,0.695097183,0.024675702,6.102370516,0.849893722,0.028734591,7.19888778,1.005689073,0.031455637,8.29426226,1.158667524,0.039236304,1.106291803,0.046347821,8.275471961,1.556744843,0.063809546,10.63025753,1.997645177,0.078330524,12.97715879,2.441157805,0.10121422,15.33491182,2.88285853,0.122011006,17.71871324,3.326668278,1.80003651,0.065091903,13.082696,2.530438803,0.086007313,16.88188782,3.242752112,0.114364647,20.59244418,3.975231974,0.134878162,24.36744744,4.695364416,0.158158802,28.11088982,5.41987828,2.20671638,0.096038338,18.33134339,3.088946513,0.12992508,23.61076609,3.988180225,0.171421322,28.85259452,4.856161996,0.207396785,34.12257389,5.749060894,0.251325247,39.22228933,6.63355488,2.519970037,0.129678157,23.01564607,3.5426463,0.173774785,29.62209262,4.550423195,0.233304803,36.24390479,5.555750375,0.281854135,42.77083185,6.587737265,0.345816801,49.30131692,7.577437931
2.48,0.390179061,0.006761928,0.547573168,0.010074159,4.92086264,0.703863837,0.012251495,6.021910829,0.857677609,0.015619876,7.122975948,1.014103572,0.018087211,8.199233727,1.170669863,0.0201002,1.111346339,0.02264899,8.199850504,1.56676435,0.030521304,10.54015921,2.008160519,0.039623722,12.8491867,2.457317819,0.045628807,15.21181886,2.900026922,0.055873019,17.55756829,3.347865189,1.793084657,0.030678067,13.03045975,2.522289712,0.043353812,16.77153495,3.233500833,0.051400186,20.47394687,3.951714911,0.066053081,24.20990415,4.685302133,0.075795749,27.9397303,5.390372347,2.182459795,0.049005854,17.96881073,3.050291233,0.06696531,23.15799186,3.926547347,0.093859949,28.28335177,4.78017086,0.108757815,33.44317214,5.658129596,0.132828769,38.48326188,6.553279282,2.511664035,0.082726977,22.10653502,3.534804958,0.11020635,28.42668526,4.543363259,0.147136799,34.75831169,5.537055674,0.169107562,41.04314285,6.544586165,0.207036663,47.32666614,7.56737899
2.56,0.381225987,0.009923257,0.535724739,0.014203956,4.670238145,0.685849902,0.018551166,5.699848357,0.839150573,0.02186982,6.726665914,0.993585976,0.025591922,7.734627682,1.144312394,0.030662433,1.097783926,0.034081049,7.891059848,1.542998868,0.047740909,10.14345367,1.980726809,0.063920748,12.36058327,2.419132849,0.073710732,14.63230471,2.854824279,0.086705343,16.86929797,3.290764558,1.794600711,0.053773276,12.53358244,2.524014773,0.068817122,16.15393475,3.232713221,0.087153358,19.68024737,3.972954948,0.11461417,23.31722323,4.690362699,0.138945178,26.87820062,5.410588606,2.175762224,0.068105768,17.24016092,3.047327381,0.100292205,22.18905516,3.932155039,0.127513408,27.07098835,4.791399209,0.15240461,32.06435081,5.668988866,0.179103317,36.9274408,6.554909198,2.482679726,0.094361307,21.1499303,3.495239707,0.133016183,27.23085997,4.479385197,0.183327224,33.26000433,5.468641119,0.218735754,39.27108856,6.486911661,0.242540469,45.30115891,7.467866355
2.64,0.386656436,0.007898019,0.542054042,0.011588757,4.837305052,0.694220139,0.014516439,5.911959811,0.849407361,0.017926486,6.971328753,1.006132097,0.020244053,8.033104011,1.156106678,0.023877438,1.127455697,0.029565675,8.151865431,1.577704528,0.041327836,10.4942155,2.027901094,0.053547037,12.79161943,2.477097987,0.064259924,15.11471357,2.931298168,0.080539944,17.43169715,3.375865231,1.880370727,0.047266954,12.80622167,2.643366964,0.064180993,16.48362003,3.387607237,0.083915049,20.14455921,4.155358602,0.099619712,23.81198112,4.89724173,0.119272871,27.44300204,5.661433731,2.286722769,0.060757017,17.70196246,3.202003567,0.085239513,22.71201556,4.121654767,0.108101284,27.7172602,5.037319308,0.128637911,32.83180864,5.950367264,0.156115336,37.85482851,6.879048995,2.586513748,0.082154286,21.87535602,3.618772839,0.118093736,28.15443362,4.661542244,0.15403563,34.43089828,5.69135087,0.183893295,40.640599,6.769307483,0.221962711,46.89685079,7.768629824
2.72,0.379597698,0.007405876,0.53250305,0.010584667,4.972388455,0.682188557,0.013410975,6.063682487,0.834273759,0.018837739,7.136317411,0.986359371,0.020112101,8.205334184,1.138059344,0.021852298,1.121929383,0.027404079,8.307149776,1.571444975,0.040364561,10.68736002,2.025304036,0.054482574,13.03780543,2.46351543,0.0573969,15.40554093,2.915007403,0.065273573,17.75694227,3.366998242,1.927239903,0.04850313,13.06893183,2.717370678,0.064430727,16.8789012,3.477748373,0.079820872,20.55348025,4.272228228,0.099629831,24.35516386,5.039356554,0.121931934,28.04275553,5.802939195,2.371740698,0.055583633,18.24331566,3.317468275,0.086611857,23.4839515,4.272575583,0.111627886,28.63316179,5.19817204,0.142850525,33.91444587,6.15582184,0.142935174,39.11729901,7.117623081,2.680503615,0.076166129,22.74402594,3.757482573,0.10505433,29.29814789,4.821445555,0.144663415,35.7627168,5.888054226,0.170342943,42.21041179,6.982146261,0.204532013,48.64029516,8.031358169
2.8,0.38906986,0.010235126,0.546670466,0.013941351,4.845136492,0.698545409,0.018146267,5.95355494,0.855780236,0.022769478,7.075569654,1.013459912,0.026659156,8.159738338,1.165094311,0.029580819,1.149517484,0.034396838,8.240397752,1.610195975,0.048133181,10.55147887,2.071467486,0.062976273,12.91400546,2.522795143,0.073253991,15.29064109,2.982372428,0.091324644,17.75215608,3.445147337,1.985924569,0.057248013,13.25304076,2.784061875,0.077783024,16.98451377,3.558827841,0.102053612,20.74261066,4.392432004,0.123176556,24.41651051,5.177077804,0.143321613,28.27486202,5.977481479,2.448985058,0.07831636,18.35645879,3.425943066,0.111302059,23.60274633,4.407093372,0.142079665,29.00942166,5.383834977,0.172841733,34.11842521,6.35747577,0.205529718,39.28154389,7.356508211,2.738180287,0.10889796,23.07437111,3.838441068,0.156711823,29.588969,4.916353216,0.198983837,36.12069289,6.002445977,0.239343935,42.78565116,7.130892955,0.282466004,49.48598271,8.224092039
2.88,0.384301861,0.006302461,0.53973112,0.008309621,4.651417552,0.690877107,0.011523941,5.6721893,0.846948423,0.014962973,6.708820342,0.999198787,0.014609782,7.707905322,1.152324522,0.016454067,1.121594842,0.021178438,7.970965622,1.569723315,0.02974369,10.22946435,2.019026654,0.03706047,12.49941298,2.458663033,0.040843107,14.80030718,2.913340966,0.054639867,17.03863511,3.360860657,1.926859238,0.041007913,12.78612863,2.709361374,0.052943148,16.44761399,3.474914174,0.079044354,20.05056611,4.25835576,0.082344843,23.71013698,5.031204405,0.093485634,27.38735623,5.798803041,2.390099966,0.066747914,17.80901631,3.343688338,0.093147881,22.94080581,4.297739036,0.119112075,28.03635162,5.254419533,0.145142502,33.11452704,6.214191763,0.170118328,38.1352105,7.182887835,2.664885893,0.104189159,22.78779271,3.723693908,0.148946012,29.33489043,4.778232848,0.1884775,35.75633923,5.844295621,0.231080907,42.37883537,6.931811917,0.274901563,48.86961073,7.968381402
2.96,0.394885654,0.012911827,0.553202394,0.018291207,4.786550248,0.709988142,0.022952146,5.840346444,0.869797721,0.028598561,6.892715518,1.02545135,0.0339295,7.965003914,1.184863643,0.038628412,1.136433136,0.044171849,8.163923999,1.588892733,0.060783216,10.44199532,2.04888322,0.079890443,12.81621057,2.493834938,0.096439096,15.13383879,2.950513308,0.111461513,17.38321336,3.408288437,1.897124495,0.071579197,12.92482293,2.666593677,0.101152139,16.61110836,3.421035444,0.127836978,20.22547193,4.190783544,0.155959346,23.95060957,4.954467946,0.185169461,27.64948601,5.698268461,2.342413557,0.105150734,18.08843589,3.280879043,0.149008551,23.31037079,4.216420872,0.192539511,28.43493023,5.160498421,0.237199945,33.70934321,6.104169884,0.275004445,38.8081121,7.036942533,2.618893576,0.145064361,23.39659956,3.667818742,0.200753887,30.07436807,4.706425341,0.259083066,36.71495375,5.760952202,0.31310942,43.44694424,6.812050487,0.375176617,50.12114337,7.836078553
3.04,0.385437337,0.004436537,0.540618556,0.006311898,5.019117407,0.693023562,0.009406825,6.131093412,0.849566146,0.010137661,7.257627174,1.001458603,0.012104049,8.35433248,1.154695188,0.011208584,1.106438994,0.01685897,8.334400082,1.544911878,0.023694411,10.67794501,1.988591011,0.031301755,13.09421723,2.424639969,0.037235543,15.46785259,2.869007049,0.041655184,17.80036167,3.309794436,1.799696398,0.02326622,13.18034912,2.528913078,0.031009128,16.88719618,3.249184304,0.046721626,20.60694738,3.968815121,0.052893331,24.4233124,4.692919808,0.053616769,28.13557696,5.401618597,2.222081774,0.046238549,18.42003808,3.104292412,0.058146631,23.73073335,3.9878187,0.077476101,28.99915721,4.890984849,0.098169912,34.32251867,5.764739361,0.119132817,39.56262738,6.658308011,2.521089718,0.080006691,23.37250261,3.509066665,0.103529512,30.0301482,4.509797959,0.137409172,36.71810025,5.527764183,0.164882063,43.38824294,6.557736365,0.189559152,50.05072276,7.525005172
3.12,0.392489039,0.014760089,0.550334623,0.020084559,4.954406628,0.705916807,0.02608691,6.065009614,0.864975013,0.031975044,7.207533129,1.020129037,0.037588028,8.325338763,1.177572566,0.04301843,1.122709411,0.047065254,8.244206743,1.570122357,0.063793204,10.61802184,2.02055395,0.083388038,12.94182297,2.465175389,0.100943515,15.29407632,2.919876538,0.123256727,17.76342189,3.368510391,1.807809892,0.068648397,13.12958011,2.537262586,0.09417433,16.86620701,3.264668941,0.121965183,20.66268568,3.985738682,0.145666714,24.31044132,4.710823451,0.173390524,28.10614772,5.431820466,2.211036197,0.098534506,18.19286228,3.090944422,0.139102412,23.36632372,3.980680605,0.179768612,28.55646104,4.862920443,0.214523828,33.68155941,5.717006258,0.255793381,38.80868649,6.63104964,2.556096352,0.1380405,22.4248338,3.559988601,0.193979944,28.89203242,4.576343851,0.239377828,35.21523557,5.595801615,0.302986622,41.72828666,6.638727394,0.360768556,47.98107837,7.649487371
3.2,0.381856649,0.002691072,0.536161005,0.003440119,4.742896995,0.687002605,0.004630193,5.790103888,0.842351646,0.005525693,6.818149029,0.995543747,0.007188398,7.88952528,1.144574401,0.006878706,1.096111564,0.005712707,7.94926142,1.531007255,0.008758793,10.20817142,1.971855678,0.007220865,12.4775544,2.404827416,0.012092385,14.76156694,2.843970733,0.018224373,17.05737826,3.282287959,1.781904788,0.007712002,12.66840594,2.493417607,0.015398189,16.27509177,3.204253517,0.017508667,19.83068868,3.913518252,0.020532466,23.47600284,4.624923192,0.027915309,27.10241346,5.330387145,2.153602618,0.022937303,17.39758864,3.014823132,0.030104569,22.37787077,3.874347171,0.035974969,27.3403106,4.747892358,0.04991482,32.29943621,5.592206318,0.059012855,37.21351291,6.457313887,2.469522417,0.050032788,21.28165039,3.442580508,0.06662252,27.4160503,4.413931431,0.087285676,33.42045415,5.420295888,0.107277059,39.58179355,6.412399798,0.12230447,45.59570231,7.380722248
3.28,0.388278491,0.015349734,0.544330354,0.020986824,4.7215825,0.698349892,0.027558172,5.767379294,0.85520385,0.033148163,6.831481332,1.011116643,0.040242424,7.868106058,1.16260145,0.044806225,1.128203363,0.049857912,8.017375562,1.577266711,0.070818882,10.30488636,2.029204333,0.09283097,12.60065609,2.477731789,0.112650711,14.91139183,2.931162303,0.132645828,17.20331944,3.383814567,1.875246127,0.075973015,12.70254732,2.622048908,0.104588184,16.29850412,3.372251559,0.138145145,19.91810391,4.120858806,0.163121652,23.52265622,4.864425108,0.198531929,27.20565847,5.609406053,2.268806964,0.095156287,17.45401232,3.173949685,0.13140632,22.37636766,4.081553801,0.1681761,27.42520293,5.00148654,0.207288502,32.30337744,5.890109742,0.244944654,37.31769767,6.809144638,2.573127365,0.12864261,21.44442932,3.59264167,0.181126112,27.5939607,4.607914286,0.229049121,33.69749806,5.652738309,0.280530729,39.9319379,6.681157646,0.330606014,46.00338773,7.693382009
3.36,0.379260873,0.000863359,0.530482231,0.001145544,4.970327217,0.682104939,0.001754148,6.067011309,0.835215699,0.002243278,7.177565918,0.986417561,0.00249937,8.276362591,1.137423066,0.00244378,1.113361092,0.004034106,8.298206691,1.559546414,0.005745935,10.64830564,2.004055308,0.006178698,13.05538921,2.454027137,0.008495276,15.40852474,2.894903149,0.015381015,17.80292158,3.344891262,1.903521029,0.01158429,13.0456738,2.664176881,0.018371928,16.76318617,3.434560842,0.021789196,20.46837931,4.192244518,0.025704012,24.18409593,4.955889544,0.032751146,27.9898096,5.705412197,2.314862495,0.021258806,18.10895369,3.243858925,0.026873341,23.25224005,4.17410613,0.032181964,28.42720756,5.121431589,0.049089223,33.56974434,6.025145925,0.052314952,38.78464508,6.970079382,2.626334519,0.034628673,22.49432357,3.670164491,0.050161319,28.95808804,4.712176704,0.06616599,35.32406034,5.770633268,0.076818675,41.80245079,6.818701012,0.091301221,48.26966409,7.855789679
3.44,0.389070557,0.01711889,0.544400075,0.02281613,4.932598433,0.699722821,0.029094601,6.031172829,0.857303006,0.035625543,7.13352644,1.012801077,0.043504279,8.212512107,1.167119941,0.049793198,1.149094549,0.054435239,8.298280946,1.610951811,0.077242311,10.67547493,2.070698712,0.097410548,13.05151652,2.532653479,0.119086885,15.42911741,2.990139858,0.143831188,17.82375049,3.455313256,1.993657094,0.083416078,13.24802367,2.790041844,0.121370245,17.02083665,3.5946103,0.150636046,20.79864981,4.387800177,0.182217724,24.54645347,5.186898681,0.221132288,28.38416661,5.987244653,2.450574936,0.109963217,18.45700207,3.432257417,0.156371265,23.7706796,4.41944898,0.192771304,28.96288282,5.403563925,0.240536375,34.21797914,6.375516399,0.282461975,39.48947503,7.361888481,2.754044819,0.144049207,23.04133617,3.856814617,0.204308281,29.65778504,4.958294361,0.262365447,36.16933847,6.059942769,0.314760274,42.82953445,7.149272658,0.380513303,49.34945114,8.258062755
3.52,0.384732456,-0.00044041,0.537692316,0.000277106,4.718609418,0.691802259,0.000697853,5.764739361,0.847285186,0.000665799,6.809320192,1.002394528,-0.00039408,7.847976316,1.153010025,0.000466803,1.122206449,-0.000419828,8.043713461,1.571107507,0.000800573,10.33642396,2.023934447,0.000478621,12.63290183,2.470523635,0.002415133,14.89654527,2.916329134,0.005001463,17.24710992,3.371373177,1.941359048,0.008482459,12.91531063,2.719221924,0.014248878,16.61793719,3.492496777,0.015876103,20.28551207,4.267572632,0.017130311,23.91466587,5.050375832,0.021989869,27.67727171,5.829303361,2.395722577,0.028200672,17.97469768,3.348008273,0.036019299,23.14520346,4.318950377,0.04721306,28.22489925,5.274401935,0.062723432,33.3821102,6.224277508,0.069310659,38.46009429,7.192049186,2.657783158,0.058796473,22.82214423,3.723593776,0.082996473,29.38833736,4.801954087,0.106679974,35.87037354,5.870163402,0.130733998,42.38358997,6.915925446,0.153549076,48.87721181,7.973479316
3.6,0.392927574,0.017603723,0.548919377,0.025011938,4.669427447,0.705995043,0.032677813,5.698468604,0.864291113,0.038769908,6.747160048,1.021423402,0.045698033,7.77776338,1.176871858,0.053579769,1.131327231,0.058186199,8.01858755,1.588354644,0.082045053,10.29594229,2.040479173,0.105337119,12.56961184,2.494821902,0.128686349,14.86337905,2.944833408,0.15548408,17.1993546,3.40595742,1.922077154,0.097475535,12.75972264,2.68948899,0.132621445,16.40226456,3.458642417,0.17243222,20.00037243,4.230704732,0.207653089,23.67111112,5.000077561,0.252922243,27.34367288,5.763678771,2.373121231,0.138031992,17.87668388,3.32166048,0.192021719,23.02585489,4.27770172,0.243765153,28.05349179,5.234178158,0.298515272,33.18397423,6.174977504,0.348810692,38.31779642,7.133492156,2.650892518,0.184677049,23.09126414,3.709990117,0.259825614,29.6990908,4.775941376,0.327275203,36.23899178,5.840602544,0.403871254,42.90160097,6.888481069,0.480549508,49.40358683,7.942155408
3.68,0.387637967,0.000570174,0.541735093,0.001648071,4.983537007,0.696516193,0.000949038,6.086235642,0.851891427,0.002171151,7.189687338,1.007581298,0.002126845,8.278086805,1.160239067,0.003520097,1.105428728,0.004227707,8.269256598,1.551138548,0.007960373,10.64667935,1.992121106,0.009567466,13.01346464,2.442609901,0.009802032,15.37517837,2.873869116,0.012708115,17.76867797,3.328963155,1.815497116,0.004844262,13.06442553,2.543898298,0.010265048,16.85032456,3.268639428,0.007631224,20.56893996,4.002618197,0.011154006,24.2482138,4.728417904,0.010852931,28.02801605,5.452364456,2.236875386,0.02308307,18.37215644,3.128815193,0.030221716,23.63562084,4.034893145,0.044120273,28.85185636,4.927925823,0.05257438,34.09863909,5.81715368,0.056482173,39.32059969,6.730888445,2.509992866,0.052464967,23.43629525,3.520206724,0.07354829,30.12865159,4.531465049,0.099637921,36.85231152,5.541341652,0.11284867,43.52137203,6.531640735,0.132047663,50.14588617,7.533007841
3.76,0.390787977,0.017726595,0.547056483,0.025324974,4.997517046,0.703256707,0.03137381,6.09733098,0.861176067,0.038440317,7.21193386,1.017983006,0.045681518,8.310807741,1.171545839,0.05437058,1.116157461,0.058727115,8.284520051,1.568462487,0.083905911,10.63078043,2.016326607,0.108655427,12.99222418,2.462910925,0.129279992,15.34944063,2.905778516,0.154496919,17.7605665,3.360698705,1.809949562,0.087295749,13.12408377,2.536014497,0.119590276,16.91692122,3.262835269,0.153857221,20.63433509,3.987593742,0.183958512,24.40226129,4.718143375,0.220556381,28.15867166,5.447046438,2.21377014,0.120371653,18.29195857,3.102755822,0.170025527,23.54223859,3.99154091,0.220643227,28.7415343,4.881240994,0.263790177,33.98314514,5.752819015,0.302393789,39.16385468,6.654544287,2.545979385,0.162084731,22.74851849,3.572255854,0.224621581,29.26377232,4.602461754,0.289086964,35.7814636,5.611324723,0.346953698,42.29519628,6.631697469,0.416853701,48.79480197,7.651919068
3.84,0.385284885,0.000577147,0.538888615,0.001627053,4.829168647,0.693505981,0.002094479,5.914086707,0.849155722,0.002083092,6.972171382,1.003615938,0.001723975,8.055606756,1.155752778,0.00242945,1.09795404,-7.09E-05,8.055707339,1.541090503,0.001006515,10.37023402,1.977950272,0.000850617,12.68023309,2.421451475,0.006087996,14.95116751,2.850824015,0.005203246,17.27401707,3.303124917,1.770038029,0.001429954,12.78604249,2.481336576,0.001754626,16.49218711,3.191908802,0.001892675,20.13452955,3.903172597,0.00030683,23.78253429,4.609806517,0.001228891,27.40996303,5.317791466,2.145590041,0.014934118,17.62769796,3.006791181,0.01999122,22.6740635,3.875658852,0.030189579,27.68990936,4.732865156,0.031510038,32.71938946,5.583993116,0.038935988,37.6862887,6.448787314,2.464676848,0.039686567,21.57956462,3.459432227,0.054590911,27.71089967,4.45305712,0.072698348,33.9781974,5.427362044,0.087640927,40.06872241,6.425538491,0.101133534,46.18659824,7.413322633
3.92,0.384877485,0.016486327,0.539077135,0.023589363,4.641201678,0.692899829,0.029532207,5.678186798,0.84759068,0.035837883,6.692512347,1.003208667,0.042171688,7.729244873,1.154406179,0.050130388,1.111030176,0.055457426,7.882117975,1.561225242,0.07769987,10.141773,2.00434598,0.100539676,12.40373128,2.450500677,0.121941533,14.61679224,2.890893215,0.146115623,16.91339229,3.339373879,1.83341899,0.081034547,12.47375998,2.570134745,0.111307384,16.13211912,3.303556564,0.142537484,19.64096544,4.045267344,0.173701749,23.1859431,4.773264942,0.207090515,26.74159488,5.51983956,2.221727471,0.105998138,17.20870784,3.114850195,0.145775642,22.13438348,4.008214196,0.188013285,26.99365065,4.89764461,0.227704216,31.96909777,5.780606022,0.267855379,36.82392399,6.67404471,2.524577455,0.133988641,21.10367175,3.539348006,0.188652878,27.17475475,4.554701442,0.245263083,33.18745108,5.552879338,0.294733735,39.21909995,6.587483023,0.351617241,45.1932055,7.577598459
4,0.382022386,0.001157075,0.535257724,0.002275638,4.922109465,0.687734445,0.002334983,6.018345493,0.840638216,0.002572925,7.109309975,0.996303778,0.003137209,8.216583183,1.145630305,0.003922897,1.116869975,0.006102161,8.24732349,1.569339839,0.009159681,10.59547177,2.013747918,0.012105834,12.96944092,2.462531764,0.011258629,15.30324528,2.905677734,0.018033955,17.67729334,3.356141505,1.885766399,0.013647416,12.92830859,2.643786968,0.018151812,16.70919678,3.39671331,0.022639779,20.35070421,4.159331847,0.033397574,24.05183264,4.908660616,0.038093829,27.73682289,5.664572955,2.292913168,0.02262021,17.92564518,3.208773675,0.028707196,23.06492284,4.134239488,0.039868572,28.09551745,5.047256606,0.045914776,33.30740609,5.969603378,0.053162222,38.39032233,6.888744457,2.59139324,0.038716959,22.22434306,3.630173771,0.056504706,28.57798071,4.676043121,0.076407906,34.90931495,5.692687811,0.089052945,41.26166101,6.768704491,0.097924216,47.54139957,7.783562444
,,,,,,,,,,,,,,,,,,,,,,,,,,,,,,,,,,,,,,,,,,,,,,,,,,,,,,,,,,,,,,,,,,,,,,,,,,,,,,,,
,,,,,,,,,,,,,,,,,,,,,,,,,,,,,,,,,,,,,,,,,,,,,,,,,,,,,,,,,,,,,,,,,,,,,,,,,,,,,,,,
,,,,,,,,,,,,,,,,,,,,,,,,,,,,,,,,,,,,,,,,,,,,,,,,,,,,,,,,,,,,,,,,,,,,,,,,,,,,,,,,
,,,,,,,,,,,,,,,,,,,,,,,,,,,,,,,,,,,,,,,,,,,,,,,,,,,,,,,,,,,,,,,,,,,,,,,,,,,,,,,,
,,,,,,,,,,,,,,,,,,,,,,,,,,,,,,,,,,,,,,,,,,,,,,,,,,,,,,,,,,,,,,,,,,,,,,,,,,,,,,,,
,,,,,,,,,,,,,,,,,,,,,,,,,,,,,,,,,,,,,,,,,,,,,,,,,,,,,,,,,,,,,,,,,,,,,,,,,,,,,,,,
,,,,,,,,,,,,,,,,,,,,,,,,,,,,,,,,,,,,,,,,,,,,,,,,,,,,,,,,,,,,,,,,,,,,,,,,,,,,,,,,
,,,,,,,,,,,,,,,,,,,,,,,,,,,,,,,,,,,,,,,,,,,,,,,,,,,,,,,,,,,,,,,,,,,,,,,,,,,,,,,,
,,,,,,,,,,,,,,,,,,,,,,,,,,,,,,,,,,,,,,,,,,,,,,,,,,,,,,,,,,,,,,,,,,,,,,,,,,,,,,,,
,,,,,,,,,,,,,,,,,,,,,,,,,,,,,,,,,,,,,,,,,,,,,,,,,,,,,,,,,,,,,,,,,,,,,,,,,,,,,,,,
,,,,,,,,,,,,,,,,,,,,,,,,,,,,,,,,,,,,,,,,,,,,,,,,,,,,,,,,,,,,,,,,,,,,,,,,,,,,,,,,
,,,,,,,,,,,,,,,,,,,,,,,,,,,,,,,,,,,,,,,,,,,,,,,,,,,,,,,,,,,,,,,,,,,,,,,,,,,,,,,,
,2,2,2,2,2,2,2,2,2,2,2,2,2,2,2,2,2,2,2,2,2,2,2,2,2,2,2,2,2,2,2,2,2,2,2,2,2,2,2,2,2,2,2,2,2,2,2,2,2,2,2,2,2,2,2,2,2,2,2,2,2,2,2,2,2,2,2,2,2,2,2,2,2,2,2,2,2,2,2,2
,2,2,2,2,2,2,2,2,2,2,2,2,2,2,2,2,2,2,2,2,2,2,2,2,2,2,2,2,2,2,2,2,2,2,2,2,2,2,2,2,2,2,2,2,2,2,2,2,2,2,2,2,2,2,2,2,2,2,2,2,2,2,2,2,2,2,2,2,2,2,2,2,2,2,2,2,2,2,2,2
,4,4,4,4,4,4,4,4,4,4,4,4,4,4,4,4,4,4,4,4,4,4,4,4,4,4,4,4,4,4,4,4,4,4,4,4,4,4,4,4,4,4,4,4,4,4,4,4,4,4,4,4,4,4,4,4,4,4,4,4,4,4,4,4,4,4,4,4,4,4,4,4,4,4,4,4,4,4,4,4
,2,2,2,2,2,2,2,2,2,2,2,2,2,2,2,2,2,2,2,2,2,2,2,2,2,2,2,2,2,2,2,2,2,2,2,2,2,2,2,2,2,2,2,2,2,2,2,2,2,2,2,2,2,2,2,2,2,2,2,2,2,2,2,2,2,2,2,2,2,2,2,2,2,2,2,2,2,2,2,2
,,,,,,,,,,,,,,,,,,,,,,,,,,,,,,,,,,,,,,,,,,,,,,,,,,,,,,,,,,,,,,,,,,,,,,,,,,,,,,,,
,,,,,,,,,,,,,,,,,,,,,,,,,,,,,,,,,,,,,,,,,,,,,,,,,,,,,,,,,,,,,,,,,,,,,,,,,,,,,,,,
,,,,,,,,,,,,,,,,,,,,,,,,,,,,,,,,,,,,,,,,,,,,,,,,,,,,,,,,,,,,,,,,,,,,,,,,,,,,,,,,
,,,,,,,,,,,,,,,,,,,,,,,,,,,,,,,,,,,,,,,,,,,,,,,,,,,,,,,,,,,,,,,,,,,,,,,,,,,,,,,,
,,,,,,,,,,,,,,,,,,,,,,,,,,,,,,,,,,,,,,,,,,,,,,,,,,,,,,,,,,,,,,,,,,,,,,,,,,,,,,,,
,,,,,,,,,,,,,,,,,,,,,,,,,,,,,,,,,,,,,,,,,,,,,,,,,,,,,,,,,,,,,,,,,,,,,,,,,,,,,,,,
,,,,,,,,,,,,,,,,,,,,,,,,,,,,,,,,,,,,,,,,,,,,,,,,,,,,,,,,,,,,,,,,,,,,,,,,,,,,,,,,
,,,,,,,,,,,,,,,,,,,,,,,,,,,,,,,,,,,,,,,,,,,,,,,,,,,,,,,,,,,,,,,,,,,,,,,,,,,,,,,,
,,,,,,,,,,,,,,,,,,,,,,,,,,,,,,,,,,,,,,,,,,,,,,,,,,,,,,,,,,,,,,,,,,,,,,,,,,,,,,,,
,,,,,,,,,,,,,,,,,,,,,,,,,,,,,,,,,,,,,,,,,,,,,,,,,,,,,,,,,,,,,,,,,,,,,,,,,,,,,,,,
current(A),197.9898987,,,,,,,,,,,,,,,,,,,,,,,,,,,,,,,,,,,,,,,,,,,,,,,,,,,,,,,,,,,,,,,,,,,,,,,,,,,,,,,
risistance([),0.032,,,,,,,,,,,,,,,,,,,,,,,,,,,,,,,,,,,,,,,,,,,,,,,,,,,,,,,,,,,,,,,,,,,,,,,,,,,,,,,
rotate speed(rpm),5000,,,,,,,,,,,,,,,,,,,,,,,,,,,,,,,,,,,,,,,,,,,,,,,,,,,,,,,,,,,,,,,,,,,,,,,,,,,,,,,
,,,,,,,,,,,,,,,,,,,,,,,,,,,,,,,,,,,,,,,,,,,,,,,,,,,,,,,,,,,,,,,,,,,,,,,,,,,,,,,,
,,,,,,,,,,,,,,,,,,,,,,,,,,,,,,,,,,,,,,,,,,,,,,,,,,,,,,,,,,,,,,,,,,,,,,,,,,,,,,,,
max ripple,,,,,,,,,,,,,,,,,,,,,,,,,,,,,,,,,,,,,,,,,,,,,,,,,,,,,,,,,,,,,,,,,,,,,,,,,,,,,,,,
min ripple,,,,,,,,,,,,,,,,,,,,,,,,,,,,,,,,,,,,,,,,,,,,,,,,,,,,,,,,,,,,,,,,,,,,,,,,,,,,,,,,
max eff,,,,,,,,,,,,,,,,,,,,,,,,,,,,,,,,,,,,,,,,,,,,,,,,,,,,,,,,,,,,,,,,,,,,,,,,,,,,,,,,
min eff,,,,,,,,,,,,,,,,,,,,,,,,,,,,,,,,,,,,,,,,,,,,,,,,,,,,,,,,,,,,,,,,,,,,,,,,,,,,,,,,
,,,,,,,,,,,,,,,,,,,,,,,,,,,,,,,,,,,,,,,,,,,,,,,,,,,,,,,,,,,,,,,,,,,,,,,,,,,,,,,,
Max,0.394885654,0.018399154,0.553202394,0.025324974,5.029029782,0.709988142,0.032677813,6.139716778,0.869797721,0.039661765,7.257627174,1.028055004,0.046795081,8.35433248,1.184863643,0.05437058,1.149517484,0.059389911,8.334400082,1.611788459,0.084023521,10.70882596,2.071467486,0.108655427,13.09421723,2.532653479,0.131066704,15.46785259,2.990139858,0.158020995,17.84478466,3.455313256,1.993657094,0.097475535,13.26015644,2.790041844,0.132621445,17.04898548,3.5946103,0.17243222,20.82019741,4.392432004,0.207653089,24.57342601,5.186898681,0.252922243,28.42108609,5.987244653,2.450574936,0.138031992,18.46789698,3.432257417,0.192021719,23.7830512,4.41944898,0.243765153,29.0293062,5.403563925,0.298515272,34.36302943,6.375516399,0.352017853,39.57793229,7.361888481,2.754044819,0.184677049,23.48165685,3.856814617,0.259825614,30.21868418,4.958294361,0.327275203,36.88765334,6.059942769,0.403871254,43.6015988,7.149272658,0.480549508,50.36295213,8.258062755
Min,0.378822674,-0.00044041,0.53026794,0.000277106,4.598735021,0.679923027,0.000697853,5.606800167,0.831924068,0.000665799,6.606701383,0.984744254,-0.00039408,7.640200489,1.131827709,0.000371066,1.094589699,-0.001627526,7.881466391,1.531007255,-0.002469918,10.12330839,1.971755269,-0.005307767,12.36058327,2.401061701,-0.002580804,14.60480466,2.843970733,-0.000339008,16.86929797,3.282287959,1.770038029,-0.002551975,12.47375998,2.481336576,-0.003116307,16.10104574,3.191908802,-0.006153926,19.61978968,3.903172597,-0.005229622,23.1859431,4.609806517,-0.005404629,26.74159488,5.317791466,2.145590041,0.009981481,17.20870784,3.005785785,0.009647005,22.13438348,3.872422218,0.015131327,26.99365065,4.731719344,0.022346557,31.96909777,5.583993116,0.02311713,36.82392399,6.448787314,2.464676848,0.034628673,21.10367175,3.442580508,0.049267664,27.14705666,4.413931431,0.058070272,33.15506228,5.420295888,0.076818675,39.16768836,6.412399798,0.08847588,45.14647461,7.380722248
Avg,0.38657241,0.008660932,0.541620114,0.012360899,4.841949511,0.695612783,0.015767729,5.917523347,0.850827767,0.019271837,6.991716075,1.006423986,0.022430242,8.062342855,1.15919582,0.026034234,1.119974647,0.029338148,8.152889501,1.570177665,0.041582118,10.47382912,2.018819983,0.05298819,12.80509417,2.4660196,0.064045449,15.12334856,2.911977758,0.07789097,17.47427082,3.36405766,1.874376222,0.046869077,12.93725384,2.628357917,0.06498968,16.65294077,3.376380992,0.082816072,20.32244957,4.132992396,0.100350854,24.01117291,4.882111343,0.11958448,27.72585186,5.630396286,2.295911565,0.069039217,17.98439633,3.213726273,0.095508089,23.14195467,4.138036239,0.122906067,28.25893017,5.055496577,0.150451357,33.40904198,5.96927645,0.176256903,38.49865123,6.897774898,2.594600866,0.099561635,22.52365751,3.632840736,0.139613504,28.97185602,4.671479898,0.180941135,35.39854188,5.708525558,0.218046917,41.83642876,6.754352702,0.258701186,48.24635497,7.780261422
P_o(w),202.4088405,4.534853139,283.5916287,6.472151648,2535.238836,364.2220013,8.255963744,3098.407979,445.492377,10.09071042,3660.853976,526.9623669,11.74444744,4221.432847,606.9535119,13.63149328,586.4173541,15.36141822,4268.84296,822.1431026,21.77234599,5484.084104,1057.051671,27.74455149,6704.731628,1291.204843,33.53411894,7918.566786,1524.707989,40.7836164,9149.506808,1761.416472,981.4210949,24.54059159,6773.930269,1376.204987,34.02851687,8719.459397,1767.868953,43.36239414,10640.80971,2164.029758,52.54358419,12572.22073,2556.267521,62.61428723,14517.22209,2948.068601,1202.136484,36.14884962,9416.607897,1682.703141,50.00791866,12117.09913,2166.670708,64.35346607,14796.34123,2647.051818,78.77614646,17492.93347,3125.50584,92.28789848,20157.84665,3611.666491,1358.529837,52.13035016,11793.35949,1902.150961,73.10145992,15169.62834,2445.981155,94.74055658,18534.63319,2988.976992,114.1690989,21905.50288,3536.570805,135.4556244,25261.73239,4073.735355
,,,,,,,,,,,,,,,,,,,,,,,,,,,,,,,,,,,,,,,,,,,,,,,,,,,,,,,,,,,,,,,,,,,,,,,,,,,,,,,,
brozen loss(w),3763.2,3763.2,3763.2,3763.2,3763.2,3763.2,3763.2,3763.2,3763.2,3763.2,3763.2,3763.2,3763.2,3763.2,3763.2,3763.2,3763.2,3763.2,3763.2,3763.2,3763.2,3763.2,3763.2,3763.2,3763.2,3763.2,3763.2,3763.2,3763.2,3763.2,3763.2,3763.2,3763.2,3763.2,3763.2,3763.2,3763.2,3763.2,3763.2,3763.2,3763.2,3763.2,3763.2,3763.2,3763.2,3763.2,3763.2,3763.2,3763.2,3763.2,3763.2,3763.2,3763.2,3763.2,3763.2,3763.2,3763.2,3763.2,3763.2,3763.2,3763.2,3763.2,3763.2,3763.2,3763.2,3763.2,3763.2,3763.2,3763.2,3763.2,3763.2,3763.2,3763.2,3763.2,3763.2,3763.2,3763.2,3763.2,3763.2,3763.2
iron loss(w),0,0,0,0,0,0,0,0,0,0,0,0,0,0,0,0,0,0,0,0,0,0,0,0,0,0,0,0,0,0,0,0,0,0,0,0,0,0,0,0,0,0,0,0,0,0,0,0,0,0,0,0,0,0,0,0,0,0,0,0,0,0,0,0,0,0,0,0,0,0,0,0,0,0,0,0,0,0,0,0
